{"cameraMode":{"drawMode":0,"name":"Shaded","section":"Shading Mode"},"sceneLighting":false,"audioPlay":false,"sceneViewState":{"m_AlwaysRefresh":false,"showFog":true,"showSkybox":false,"showFlares":true,"showImageEffects":true,"showParticleSystems":true,"showVisualEffectGraphs":true,"m_FxEnabled":true},"in2DMode":false,"pivot":{"x":0.36368629336357119,"y":1.9531142711639405,"z":-1.5737073421478272},"rotation":{"x":-0.142281636595726,"y":0.02434377372264862,"z":-0.0035002627409994604,"w":-0.9895197749137878},"size":1.2247449159622193,"orthographic":false}