{"cameraMode":{"drawMode":0,"name":"Shaded","section":"Shading Mode"},"sceneLighting":true,"audioPlay":false,"sceneViewState":{"m_AlwaysRefresh":false,"showFog":true,"showSkybox":true,"showFlares":true,"showImageEffects":true,"showParticleSystems":true,"showVisualEffectGraphs":true,"m_FxEnabled":true},"in2DMode":false,"pivot":{"x":3.017069101333618,"y":1.0425927639007569,"z":-3.398456573486328},"rotation":{"x":-0.08570269495248795,"y":-0.006876724306493998,"z":0.0005915404763072729,"w":-0.9962967038154602},"size":1.2247449159622193,"orthographic":false}