{"cameraMode":{"drawMode":0,"name":"Shaded","section":"Shading Mode"},"sceneLighting":true,"audioPlay":false,"sceneViewState":{"m_AlwaysRefresh":false,"showFog":true,"showSkybox":true,"showFlares":true,"showImageEffects":true,"showParticleSystems":true,"showVisualEffectGraphs":true,"m_FxEnabled":true},"in2DMode":false,"pivot":{"x":0.20873171091079713,"y":9.825008392333985,"z":-10.52306079864502},"rotation":{"x":-0.3172279894351959,"y":-0.005123192444443703,"z":0.0017137278337031603,"w":-0.9483329653739929},"size":1.2247449159622193,"orthographic":false}